name,zozo_url,official_url
antiqua,http://zozo.jp/shop/antiqua/,""
ichi,http://zozo.jp/shop/ichi/,""
Brick Shiota Ink.,http://zozo.jp/shop/brickshiota/,http://brick.co.jp
Histoire,http://zozo.jp/shop/histoire/,http://www.histoire-inc.jp/
furryrate,http://zozo.jp/shop/furryrate/,http://furryrate-hp.jp/
improves,http://zozo.jp/shop/improves/,""
ARMANI JEANS,http://zozo.jp/shop/armanijeans/,""
aimoha,http://zozo.jp/shop/aimoha/,""
SCHLUSSEL,http://zozo.jp/shop/schlussel/,http://www.schlussel.net/
NERGY,http://zozo.jp/shop/nergy/,""
CHARI&CO,http://zozo.jp/shop/chariandco/,http://www.chariandco.jp
Linea storia,http://zozo.jp/shop/lineastoria/,""
JUICY ROCK,http://zozo.jp/shop/juicyrock/,""
union store tokyo,http://zozo.jp/shop/unionstoretokyo/,""
A BATHING APE,http://zozo.jp/men-shop/bapeland/,http://www.bape.com/
A&F COUNTRY,http://zozo.jp/men-shop/aandfcountry/,""
A.P.C.,http://zozo.jp/men-shop/apc/,""
a.v.v,http://zozo.jp/men-shop/avv/,""
AAPE BY A BATHING APE,http://zozo.jp/men-shop/aapebyabathingape/,""
ABAHOUSE LASTWORD,http://zozo.jp/men-shop/abahouse/,""
ABC-MART,http://zozo.jp/men-shop/abc-mart/,http://map.abc-mart.net/
ability,http://zozo.jp/men-shop/ability/,""
ACE,http://zozo.jp/men-shop/ace/,""
actuel,http://zozo.jp/men-shop/actuel/,http://actuel.jp/index.html
ADAM ET ROPE',http://zozo.jp/men-shop/adametrope/,""
adidas,http://zozo.jp/men-shop/adidas/,""
Admiral,http://zozo.jp/men-shop/admiral/,""
adonis green,http://zozo.jp/men-shop/adonisgreen/,http://www.adonisgreen.jp/
agete,http://zozo.jp/men-shop/agete/,http://www.agete.com/
agnes b.,http://zozo.jp/men-shop/agnesb/,""
AHCAHCUM.muchacha,http://zozo.jp/men-shop/muchacha/,http://www.ahcahcum-muchacha.com/
AIGLE,http://zozo.jp/men-shop/aigle/,http://www.aigle.co.jp/
AKM,http://zozo.jp/men-shop/akm/,""
ALEXANDER WANG,http://zozo.jp/men-shop/tbyalexanderwang/,""
alfredoBANNISTER,http://zozo.jp/men-shop/bannister/,""
ALL ORDINARIES,http://zozo.jp/men-shop/allordinaries/,""
ALLSAINTS,http://zozo.jp/men-shop/allsaints/,""
ALPHA INDUSTRIES,http://zozo.jp/men-shop/alphaindustries/,""
AMBUSH,http://zozo.jp/men-shop/ambush/,""
AMERICAN RAG CIE,http://zozo.jp/men-shop/americanragcie/,http://www.americanragcie.co.jp/
AMPHI,http://zozo.jp/men-shop/amphi/,""
ANAP,http://zozo.jp/men-shop/anap/,""
ANCHOR by ROTAR/VIVIFY,http://zozo.jp/men-shop/anchorbyrotarvivify/,""
ANDEX shoes product,http://zozo.jp/men-shop/andexshoesproduct/,""
anlio,http://zozo.jp/men-shop/anlio/,""
Anoutcommune,http://zozo.jp/men-shop/anoutcommune/,""
ANREALAGE,http://zozo.jp/men-shop/anrealage/,http://www.anrealage.com/
ARCADE,http://zozo.jp/men-shop/arcade/,""
ARMANI JEANS,http://zozo.jp/men-shop/armanijeans/,""
ASBee,http://zozo.jp/men-shop/asbee/,http://www.asbee.jp/
ASH,http://zozo.jp/men-shop/ash/,http://www.ashjapan.com/
ASICS Tiger,http://zozo.jp/men-shop/asicstiger/,""
Atelier mimi,http://zozo.jp/men-shop/ateliermimi/,""
atmos/atmos girls,http://zozo.jp/men-shop/atmos/,""
ato,http://zozo.jp/men-shop/ato/,http://www.ato.jp/
Auntie Rosa,http://zozo.jp/men-shop/auntierosa/,""
Avaron,http://zozo.jp/men-shop/avaron/,www.avaron.jp
AVIREX,http://zozo.jp/men-shop/avirex/,""
AZUL by moussy,http://zozo.jp/men-shop/azulbymoussy/,http://azul-m.com/
B:MING LIFE STORE by BEAMS,http://zozo.jp/men-shop/bminglifestore/,""
B'2nd,http://zozo.jp/men-shop/b2ndrequa/,""
Back Channel,http://zozo.jp/men-shop/backchannel/,""
BAG IN THE DAY,http://zozo.jp/men-shop/bagintheday/,""
BAG MANIA,http://zozo.jp/men-shop/bagmania/,""
BAGGY PORT,http://zozo.jp/men-shop/baggyport/,http://www.baggyport.com/
BANDAI APPAREL SHOP,http://zozo.jp/men-shop/bandaiapparelshop/,http://p-bandai.jp/fashion-net/shopflashlist/
BAREFOOT DREAMS(R),http://zozo.jp/men-shop/barefoot-dreams/,""
Bark,http://zozo.jp/men-shop/bark/,""
BARNYARDSTORM,http://zozo.jp/men-shop/barnyardstorm/,""
BASESTATION,http://zozo.jp/men-shop/basestation/,http://basestation.jp/
BAYFLOW,http://zozo.jp/men-shop/bayflow/,""
BEAMS MEN,http://zozo.jp/men-shop/beams/,http://www.beams.co.jp/
BEAMS T,http://zozo.jp/men-shop/beamst/,http://www.beams.co.jp/
BEAUTY&YOUTH UNITED ARROWS,http://zozo.jp/men-shop/beautyandyouthunitedarrows/,http://www.beautyandyouth.jp/index.html
BEAVER,http://zozo.jp/men-shop/beaver/,""
BENCH AT THE GREENE,http://zozo.jp/men-shop/benchatthegreene/,""
BENETTON (UNITED COLORS OF BENETTON),http://zozo.jp/men-shop/unitedcolorsofbenettonsisley/,""
BEST PACKING STORE,http://zozo.jp/men-shop/bestpackingstore/,""
BETTY CLUB,http://zozo.jp/men-shop/bettyclub/,""
BILLABONG,http://zozo.jp/men-shop/billabong/,""
Billionaire Boys Club,http://zozo.jp/men-shop/billionaireboysclub/,""
BILLY'S ENT,http://zozo.jp/men-shop/billysent/,http://www.billys-tokyo.net/shop/pages/billystop.aspx
Birdseye,http://zozo.jp/men-shop/birdseye/,""
BIRKENSTOCK,http://zozo.jp/men-shop/birkenstock/,http://www.birkenstockjpn.co.jp/
BLACKBARRETT by NEIL BARRETT,http://zozo.jp/men-shop/black-barrett/,""
BLISS POINT,http://zozo.jp/men-shop/blisspoint/,""
BLUE LABEL / BLACK LABEL CRESTBRIDGE,http://zozo.jp/men-shop/crestbridge/,https://www.crestbridge.jp/s/
BODY WILD,http://zozo.jp/men-shop/bodywild/,""
bonjour records,http://zozo.jp/men-shop/bonjourrecords/,http://www.bonjour.jp/
BOUNTY HUNTER,http://zozo.jp/men-shop/bountyhunter/,""
BREE,http://zozo.jp/men-shop/bree/,http://www.breejapan.com/
BRIEFING,http://zozo.jp/men-shop/briefing/,""
BRITISH MADE,http://zozo.jp/men-shop/britishmade/,""
BROOKS BROTHERS,http://zozo.jp/men-shop/brooksbrothers/,""
BROS,http://zozo.jp/men-shop/bros/,""
Bshop,http://zozo.jp/men-shop/bshop/,http://www.bshop-inc.com
BUFFALO BOBS,http://zozo.jp/men-shop/buffalobobs/,""
BURNER,http://zozo.jp/men-shop/burner/,""
BURTON by H.L.N.A,http://zozo.jp/men-shop/burtonbyhlna/,""
BUTTERO,http://zozo.jp/men-shop/buttero/,http://www.buttero.jp/
Bó YOSHIDA(BEAMS×PORTER),http://zozo.jp/men-shop/bjirushiyoshida/,http://shop.beams.co.jp/cc/?ccid=11736
C.E.L.STORE,http://zozo.jp/men-shop/celstore/,http://www.celstore.jp/
CABANE de ZUCCa,http://zozo.jp/men-shop/cabanedezucca/,http://www.zucca.cc/index.html
Calvin Klein,http://zozo.jp/men-shop/calvinklein/,""
CAMBIO,http://zozo.jp/men-shop/cambio/,""
CAMPER,http://zozo.jp/men-shop/camper/,""
canal4,http://zozo.jp/men-shop/canal4c/,""
Carhartt WIP,http://zozo.jp/men-shop/carharttwip/,""
CASPER JOHN AIVER,http://zozo.jp/men-shop/casperjohnaiver/,""
Champion/Hanes,http://zozo.jp/men-shop/champion-hanes/,""
CHAPTER WORLD,http://zozo.jp/men-shop/chapterworld/,""
CHARI&CO,http://zozo.jp/men-shop/chariandco/,http://www.chariandco.jp
CHRISTIAN DADA,http://zozo.jp/men-shop/christiandada/,""
Ciaopanic,http://zozo.jp/men-shop/ciaopanic/,http://ciaopanic.com/
CIAOPANIC TYPY,http://zozo.jp/men-shop/ciaopanictypy/,http://www.ciaopanic-typy.com/
CIBONE,http://zozo.jp/men-shop/cibone/,""
CITYSHOP,http://zozo.jp/men-shop/cityshop/,""
CLANE,http://zozo.jp/men-shop/clane/,""
Clarks,http://zozo.jp/men-shop/clarks/,http://www.clarks.co.jp/
CLEDRAN,http://zozo.jp/men-shop/cledran/,""
CMB by CAMBIO,http://zozo.jp/men-shop/cmbbycambio/,""
COACH,http://zozo.jp/men-shop/coach/,""
Cocoonist,http://zozo.jp/men-shop/cocoonist/,http://www.cocoonist.net/
coen,http://zozo.jp/men-shop/coen/,http://www.coen.co.jp/
COLE HAAN,http://zozo.jp/men-shop/colehaan/,""
Coleman,http://zozo.jp/men-shop/coleman/,""
COLLARS,http://zozo.jp/men-shop/collars/,http://www.collars.jp/
COLONY 2139,http://zozo.jp/men-shop/colony2139/,""
Columbia,http://zozo.jp/men-shop/columbia/,""
COMME CA ISM,http://zozo.jp/men-shop/commecaism/,""
COMME des GARCONS POCKET,http://zozo.jp/men-shop/commedesgarconspocket/,""
con affetto,http://zozo.jp/men-shop/loreerodkin/,http://www.conaffetto-ginza.com
CONVERSE,http://zozo.jp/men-shop/converse/,""
COULEURVARIE,http://zozo.jp/men-shop/couleurvarie/,http://www.bath.co.jp/
Creed,http://zozo.jp/men-shop/creed/,http://www.creed-e.com/
CROON A SONG,http://zozo.jp/men-shop/croonasong/,http://www.croon-a-song.com/
CustomCulture + 291295 HOMME,http://zozo.jp/men-shop/cc-29homme/,""
daboro,http://zozo.jp/men-shop/daboro/,http://daboro.jp/
DC SHOES,http://zozo.jp/men-shop/dcshoes/,""
DECADE,http://zozo.jp/men-shop/decade/,http://www.decade.jpn.com/
DELUXE,http://zozo.jp/men-shop/deluxe/,http://www.deluxe.jp/
DENIM & SUPPLY RALPH LAUREN,http://zozo.jp/men-shop/denimandsupplyralphlauren/,""
Denime,http://zozo.jp/men-shop/denime/,http://www.denime.jp/
DESCENTE BLANC,http://zozo.jp/men-shop/descente/,http://www.descenteblanc.com/
Design Tshirts Store graniph,http://zozo.jp/men-shop/graniph/,""
Desigual,http://zozo.jp/men-shop/desigual/,""
DEVICE,http://zozo.jp/men-shop/device/,""
Dickies,http://zozo.jp/men-shop/dickies/,""
DIESEL,http://zozo.jp/men-shop/diesel/,http://www.diesel.co.jp/
Discoat Parisien,http://zozo.jp/men-shop/discoat/,http://discoat.jp/
Divinique,http://zozo.jp/men-shop/divinique/,""
DOUBLE STEAL,http://zozo.jp/men-shop/doublesteal/,""
DOWBL,http://zozo.jp/men-shop/dowbl/,""
DRESSTERIOR,http://zozo.jp/men-shop/dressterior/,""
Drifter STORE,http://zozo.jp/men-shop/drifterstore/,http://drifter.co.jp/
Dsquared2,http://zozo.jp/men-shop/dsquared2/,""
e.m.,http://zozo.jp/men-shop/em/,http://www.em-grp.com/
ECHELLE Liberte,http://zozo.jp/men-shop/echelleliberte/,""
EDIFICE,http://zozo.jp/men-shop/edifice/,http://edifice.baycrews.co.jp/
EDITION,http://zozo.jp/men-shop/edition/,http://www.edition-jp.com/
EDWIN SHOP,http://zozo.jp/men-shop/edwinshop/,http://www.edwin.co.jp/
EMC RETAIL STORE,http://zozo.jp/men-shop/emcretailstore/,http://www.earth-m.co.jp/
emmi,http://zozo.jp/men-shop/emmi/,http://emmi.jp/#shop_anchor
EMU Australia,http://zozo.jp/men-shop/emuaustralia/,http://www.stokecompany.com/pc/
EN ROUTE,http://zozo.jp/men-shop/enroute/,http://enroute.tokyo/
ENtER,http://zozo.jp/men-shop/enter/,""
entre square,http://zozo.jp/men-shop/entresquare/,""
EPOCA UOMO,http://zozo.jp/men-shop/epocauomobiancaepoca/,http://www.epocainfo.com/
ESTNATION,http://zozo.jp/men-shop/estnation/,https://www.estnation.co.jp/
ete,http://zozo.jp/men-shop/ete/,http://www.eteweb.com/
everyday by collex/MYSELF ABAHOUSE,http://zozo.jp/men-shop/myselfabahouse/,""
eYe COMME des GARCONS JUNYA WATANABE MAN,http://zozo.jp/men-shop/junyawatanabeman/,""
FACETASM,http://zozo.jp/men-shop/facetasm/,""
FACTOTUMiVALLIS/DENIMj,http://zozo.jp/men-shop/factotum/,""
FAR EAST,http://zozo.jp/men-shop/fareast/,""
FAT,http://zozo.jp/men-shop/fat/,""
Felisi,http://zozo.jp/men-shop/felisi/,""
FJALLRAVEN by 3NITY,http://zozo.jp/men-shop/fjallravenby3nity/,http://www.fjallraven.jp/
FLASH REPORT,http://zozo.jp/men-shop/flashreport/,http://flashreport.co.jp/
FOSSIL,http://zozo.jp/men-shop/fossil/,""
franche lippee,http://zozo.jp/men-shop/franchelippee/,""
FRANKLIN & MARSHALL,http://zozo.jp/men-shop/franklinmarshall/,""
FRAPBOIS,http://zozo.jp/men-shop/frapbois/,""
FREAK'S STORE,http://zozo.jp/men-shop/freaksstore/,http://www.freaksstore.com/
FRED PERRY,http://zozo.jp/men-shop/fredperry/,""
FREDY&GLOSTER,http://zozo.jp/men-shop/fredyandgloster/,http://fredyandgloster.jp/
FREE'S MART/FREE'S MART MEN,http://zozo.jp/men-shop/freesmart/,http://www.frees-mart.com/
fridge setagaya o£,http://zozo.jp/men-shop/fridgesetagayashuchojo/,http://central.fridgesetagaya.com/
Fun & Daily,http://zozo.jp/men-shop/funanddaily/,""
GALLERIANT,http://zozo.jp/men-shop/galleriant/,""
GANRYU,http://zozo.jp/men-shop/ganryu/,""
GANT RUGGER,http://zozo.jp/men-shop/gantrugger/,""
GARDEN,http://zozo.jp/men-shop/garden/,http://www.gardenxxx.com/
GARDENS L.E.D.,http://zozo.jp/men-shop/ledbites/,http://www.ledbites.com/
GAS,http://zozo.jp/men-shop/gas/,""
GDC,http://zozo.jp/men-shop/gdc/,""
gelato pique,http://zozo.jp/men-shop/gelatopique/,http://gelatopique.com/
GEORGE'S,http://zozo.jp/men-shop/georges/,http://www.georges.co.jp/shop/
GGD,http://zozo.jp/men-shop/ggd/,http://ggd.tokyo/
GIORDANO,http://zozo.jp/men-shop/giordano/,http://giordano.co.jp/
giraffe,http://zozo.jp/men-shop/giraffe/,http://giraffe-tie.com
Gizmobiesplayland,http://zozo.jp/men-shop/gizmobiesplayland/,http://gizmobies.co.jp/
glamb,http://zozo.jp/men-shop/glamb/,http://www.glamb.com/
Global Forme Concrete,http://zozo.jp/men-shop/globalformeconcrete/,http://www.gfconcrete.com/
GLOBAL SHOES GALLERY,http://zozo.jp/men-shop/globalshoesgallery/,""
GLOBAL WORK,http://zozo.jp/men-shop/globalwork/,""
go slow caravan,http://zozo.jp/men-shop/goslowcaravan/,""
goa THE STORE,http://zozo.jp/men-shop/goathestore/,""
gomme,http://zozo.jp/men-shop/gomme/,""
grapevine by k3,http://zozo.jp/men-shop/grapevinebyk3/,http://www.k3coltd.jp/
green label relaxing,http://zozo.jp/men-shop/greenlabel/,http://www.green-label-relaxing.jp/
GREGORY STORE,http://zozo.jp/men-shop/gregorystore/,""
grn,http://zozo.jp/men-shop/grn/,http://grn-sui.com/
G-STAR RAW,http://zozo.jp/men-shop/gstarraw/,""
GUESS,http://zozo.jp/men-shop/guess/,""
GUILD PRIME,http://zozo.jp/men-shop/guildprime/,""
gym master,http://zozo.jp/men-shop/gymmaster/,""
H.L.N.A,http://zozo.jp/men-shop/hlna/,http://hlna.jp/
H.P.FRANCE,http://zozo.jp/men-shop/hpfrance/,""
HARE,http://zozo.jp/men-shop/hare/,""
HARUTA,http://zozo.jp/men-shop/haruta/,""
HEAD PORTER,http://zozo.jp/men-shop/headporter/,""
HELIOPOLE,http://zozo.jp/men-shop/heliopole/,http://heliopole.co.jp
HERRINGBONE CLUB,http://zozo.jp/men-shop/herringboneclub/,""
HIGHTIDE,http://zozo.jp/men-shop/hightide/,http://hightide.co.jp/
honeyee.com,http://zozo.jp/men-shop/honeyeecom/,""
HUMAN WOMAN,http://zozo.jp/men-shop/humanwoman/,""
Hurley,http://zozo.jp/men-shop/hurley/,""
HYSTERIC GLAMOUR,http://zozo.jp/men-shop/hystericglamour/,http://www.hystericglamour.jp/
I am I ONEROOM,http://zozo.jp/men-shop/iamioneroom/,""
IDEA SEVENTH SENSE,http://zozo.jp/men-shop/ideaseventhsense/,http://idea-onlineshop.jp/?pg=shoplist
ikka LOUNGE,http://zozo.jp/men-shop/ikkalounge/,http://www.cox-online.co.jp/brand/ikka/
IL BISONTE,http://zozo.jp/men-shop/ilbisonte/,http://www.ilbisonte.jp/
improves,http://zozo.jp/men-shop/improves/,""
Incase,http://zozo.jp/men-shop/incase/,http://www.incasejapan.com/
INTER-CHAUSSURES,http://zozo.jp/men-shop/interchaussures/,http://www.harmony-products.com/
ivory court,http://zozo.jp/men-shop/ivorycourt/,""
J.FERRY,http://zozo.jp/men-shop/jferry/,""
J.PRESS,http://zozo.jp/men-shop/jpress/,""
JACK SPADE,http://zozo.jp/men-shop/jackspade/,""
JACKROSE,http://zozo.jp/men-shop/jackrose/,""
JAM HOME MADE,http://zozo.jp/men-shop/jamhomemade/,http://jamhomemade.com/
JAMA RICO,http://zozo.jp/men-shop/jamarico/,http://jama-rico.com/
JEANS MATE,http://zozo.jp/men-shop/jeansmate/,""
Jewel Addict,http://zozo.jp/men-shop/jupiter/,""
Johnbull Private labo,http://zozo.jp/men-shop/johnbullprivatelabo/,http://www.johnbull.co.jp/
JOSEPH,http://zozo.jp/men-shop/joseph/,""
JOURNAL STANDARD,http://zozo.jp/men-shop/journalstandard/,http://journal-standard.jp/
JOYRICH,http://zozo.jp/men-shop/joyrich/,""
JS TRUNK & Co,http://zozo.jp/men-shop/samsonite/,""
JUGLANS,http://zozo.jp/men-shop/juglans/,""
JUNRed,http://zozo.jp/men-shop/junred/,http://www.junred.jp/
KESWISS,http://zozo.jp/men-shop/kswiss/,""
KATHARINE HAMNETT LONDON,http://zozo.jp/men-shop/katharinehamnett/,""
KEEN,http://zozo.jp/men-shop/keen/,""
KENZO,http://zozo.jp/men-shop/kenzo/,""
ketty online store,http://zozo.jp/men-shop/kettyonlinestore/,""
KMC DETAILS,http://zozo.jp/men-shop/kmcdetails/,http://www.kmc-details.com/index.html
KOE,http://zozo.jp/men-shop/koe/,""
L&HARMONY,http://zozo.jp/men-shop/landharmony/,http://landharmony.com/
L.H.P,http://zozo.jp/men-shop/lhp/,""
L.H.P PRIVATE LAB,http://zozo.jp/men-shop/lhpprivatelab/,""
LACOSTE,http://zozo.jp/men-shop/lacoste/,""
LANVIN en Bleu MEN,http://zozo.jp/men-shop/lanvinmen/,http://www.lanvin-en-bleu.com/?fromec
LB/S,http://zozo.jp/men-shop/lb-s/,""
Lbc with Life,http://zozo.jp/men-shop/lbc/,http://www.cox-online.co.jp/brand/lbc/
LE JUN,http://zozo.jp/men-shop/lejun/,http://www.lejun.jp/
LE TiROiR de DRESSTERIOR,http://zozo.jp/men-shop/letiroirdedressterior/,http://www.world.co.jp/letiroirde-dressterior/
Lee SHOP,http://zozo.jp/men-shop/leeshop/,http://lee-japan.jp/
Levi's,http://zozo.jp/men-shop/levisstore/,""
light & will & today,http://zozo.jp/men-shop/lightandwillandtoday/,http://www.lightandwill.com/
LION HEART,http://zozo.jp/men-shop/lionheart/,http://www.lion-heart.co.jp/
LITHIUM HOMME/FEMME,http://zozo.jp/men-shop/lithiumhomme/,http://www.lithium-homme.com/
L'OCCITANE,http://zozo.jp/men-shop/loccitane/,""
Lui's,http://zozo.jp/men-shop/luis/,http://luis-net.jp/
LUMP,http://zozo.jp/men-shop/lump/,http://www.whiz.jp/
LuuNa & GreG the Store,http://zozo.jp/men-shop/luuna/,http://www.beaure.net/company/
MEAERES & LOUNGE LIZARD,http://zozo.jp/men-shop/marsandloungelizard/,http://loungelizard.jp/
MACKINTOSH PHILOSOPHY,http://zozo.jp/men-shop/mackintoshphilosophy/,http://www.mackintosh-philosophy.com/
madras,http://zozo.jp/men-shop/madras/,http://www.madras.co.jp/
Magine,http://zozo.jp/men-shop/magine/,http://magine.jp/
MAISON DE REEFUR,http://zozo.jp/men-shop/maisondereefur/,""
MAISON KITSUNE,http://zozo.jp/men-shop/maisonkitsune/,""
MAISON mou,http://zozo.jp/men-shop/maisonmou/,""
MAMMUT,http://zozo.jp/men-shop/mammut/,""
MANGROVE,http://zozo.jp/men-shop/mangrove/,""
Manhattan Portage,http://zozo.jp/men-shop/manhattanportage/,""
MARC JACOBS,http://zozo.jp/men-shop/marcjacobs/,""
MARGARET HOWELL,http://zozo.jp/men-shop/margarethowell/,""
MARGARET HOWELL idea,http://zozo.jp/men-shop/margarethowellidea/,""
marimekko,http://zozo.jp/men-shop/marimekko/,http://www.marimekko.jp/
MARK&LONA,http://zozo.jp/men-shop/markandlona/,http://www.markandlona.com/
Marmot,http://zozo.jp/men-shop/marmot/,""
martinique,http://zozo.jp/men-shop/martinique/,http://www.melrose.co.jp/martinique/
MASSIVE STORE,http://zozo.jp/men-shop/massivestore/,""
McGREGOR,http://zozo.jp/men-shop/mcgregorclassic/,http://www.mcgregorclassic.com/
MEDICOM TOY,http://zozo.jp/men-shop/medicomtoy/,""
MEMENTISM,http://zozo.jp/men-shop/mementism/,""
MEN'S BIGI,http://zozo.jp/men-shop/mensbigi/,http://www.mens-bigi.com/
MEN'S MELROSE,http://zozo.jp/men-shop/mensmelrose/,http://www.melrose.co.jp/mensmelrose/
"mercibeaucoup,",http://zozo.jp/men-shop/mercibeaucoup/,http://www.mercibeaucoup.jp/
MERRELL,http://zozo.jp/men-shop/merrell/,http://www.merrell.jp/
M-factory,http://zozo.jp/men-shop/m-factory/,http://m-factory2014.com/
MICHEL KLEIN HOMME,http://zozo.jp/men-shop/michelkleinhomme/,http://www.michelkleinhomme.jp/
MID TIDE,http://zozo.jp/men-shop/midtide/,""
MIDWEST,http://zozo.jp/men-shop/midwest/,http://fashioncore-midwest.com/
MIHARAYASUHIRO,http://zozo.jp/men-shop/miharayasuhiro/,""
MINNETONKA,http://zozo.jp/men-shop/minnetonka/,""
MK MICHEL KLEIN homme,http://zozo.jp/men-shop/mkmichelkleinhomme/,http://www.mkhomme.net/
MORGAN HOMME / MORGAN DE TOII,http://zozo.jp/men-shop/morganhomme/,http://www.morgan-jp.com/
MR.OLIVE,http://zozo.jp/men-shop/mrolive/,http://www.mr-olive.net/
nano¥universe,http://zozo.jp/men-shop/nanouniverse/,""
NARACAMICIE,http://zozo.jp/men-shop/naracamicie/,http://naracamicie.jp/
NAUGHTIAM,http://zozo.jp/men-shop/naughtiam/,http://naughtiam.com/
NAVAL,http://zozo.jp/men-shop/naval/,""
Ne-net,http://zozo.jp/men-shop/nenet/,http://ne-net.net/index.html
NERGY,http://zozo.jp/men-shop/nergy/,""
NEUVE A,http://zozo.jp/men-shop/neuvea/,http://www.neuve-a.com/
New Balance,http://zozo.jp/men-shop/newbalance/,http://shop.newbalance.jp/nb-zozo.html
NEWYORKER,http://zozo.jp/men-shop/newyorker/,""
NICOLE,http://zozo.jp/men-shop/nicole/,http://www.nicole-net.co.jp/
niko and...,http://zozo.jp/men-shop/nikoand/,""
NIXON,http://zozo.jp/men-shop/nixon/,""
NOLLEY'S,http://zozo.jp/men-shop/nolleys/,http://www.nolleys.co.jp/
NORDIC Feeling,http://zozo.jp/men-shop/nordicfeeling/,""
nudie jeans,http://zozo.jp/men-shop/nudiejeans/,""
NUMBER (N)INE,http://zozo.jp/men-shop/numbernine/,http://www.n-nine.com/
OLIVER PEOPLES,http://zozo.jp/men-shop/oliverpeoples/,""
ONE DAY KMC,http://zozo.jp/men-shop/onedaykmc/,http://onedaykmc.jp/
Onitsuka Tiger,http://zozo.jp/men-shop/onitsukatiger/,""
ONLY,http://zozo.jp/men-shop/only/,http://only.co.jp
OUTDOOR PRODUCTS,http://zozo.jp/men-shop/outdoorproducts/,""
override,http://zozo.jp/men-shop/override/,http://www.ovr.jp/
PADRONE MUSEUM,http://zozo.jp/men-shop/padronemuseum/,""
PAMEO POSE,http://zozo.jp/men-shop/pameopose/,""
PATRICK COX,http://zozo.jp/men-shop/patrickcox/,""
Paul Smith,http://zozo.jp/men-shop/paulsmith/,""
Paul Smith Collection,http://zozo.jp/men-shop/paulsmithcollection/,""
PEAK&PINE,http://zozo.jp/men-shop/peakandpine/,""
PEANUTS,http://zozo.jp/men-shop/peanuts/,""
POLO RALPH LAUREN,http://zozo.jp/men-shop/poloralphlauren/,""
PRETTY GREEN,http://zozo.jp/men-shop/prettygreen/,""
Priv. Spoons Club,http://zozo.jp/men-shop/privspoonsclub/,""
PUBS/TOPKAPI,http://zozo.jp/men-shop/pubstopkapi/,https://cricket-online.jp/sv/
PUMA BLACK STORE ZOZO,http://zozo.jp/men-shop/pumablackstorezozo/,""
PUMA STORE ZOZO,http://zozo.jp/men-shop/puma/,""
quadro / sot,http://zozo.jp/men-shop/quadro-sot/,http://www.sot-web.com/
R.NEWBOLD,http://zozo.jp/men-shop/rnewbold/,""
rag & bone,http://zozo.jp/men-shop/rag_and_bone/,""
RAGEBLUE,http://zozo.jp/men-shop/rageblue/,""
RAWLIFE,http://zozo.jp/men-shop/rawlife/,""
Ray-Ban,http://zozo.jp/men-shop/ray-ban/,""
Reebok,http://zozo.jp/men-shop/reebok/,""
rehacer,http://zozo.jp/men-shop/rehacer/,""
REN,http://zozo.jp/men-shop/ren/,""
Repetto,http://zozo.jp/men-shop/repetto/,""
REPIDO,http://zozo.jp/men-shop/repido/,""
REPLAY,http://zozo.jp/men-shop/replay/,http://www.replay-j.jp/pc/
retaW,http://zozo.jp/men-shop/retaw/,""
Revo.,http://zozo.jp/men-shop/revo/,http://www.prophetfactory.com/
Right-on,http://zozo.jp/men-shop/right-on/,""
RiNc,http://zozo.jp/men-shop/rinc/,""
ROCKPORT,http://zozo.jp/men-shop/rockport/,""
ROOP TOKYO,http://zozo.jp/men-shop/rooptokyo/,""
ROOTOTE,http://zozo.jp/men-shop/rootote/,""
ROSE BUD COUPLES,http://zozo.jp/men-shop/rosebudcouples/,""
rovtski,http://zozo.jp/men-shop/rovtski/,http://www.rovtski.com/
ROXY/QUIKSILVER,http://zozo.jp/men-shop/roxy-quiksilver/,""
ROYAL FLASH,http://zozo.jp/men-shop/royalflash/,""
RRL,http://zozo.jp/men-shop/rrl/,""
SABLE CLUTCH,http://zozo.jp/men-shop/sableclutch/,""
SAC,http://zozo.jp/men-shop/sac/,""
SAC'S BAR,http://zozo.jp/men-shop/sacsbar/,""
SAC'S BAR Jean,http://zozo.jp/men-shop/sacsbarjean/,""
salle de bal,http://zozo.jp/men-shop/salledebal/,http://www.stanleyintl.co.jp/brand/salle-de-bal/
SAMANTHA KINGZ,http://zozo.jp/men-shop/samanthakingz/,""
Samantha Vega,http://zozo.jp/men-shop/samanthavega/,""
SANYO SELECT,http://zozo.jp/men-shop/pringle1815/,http://www.pringle1815.jp/
SATURDAYS SURF NYC,http://zozo.jp/men-shop/saturdayssurfnyc/,http://www.saturdaysnyc.co.jp/
SAZABY,http://zozo.jp/men-shop/sazaby/,http://www.sazaby.net/index.html
SCHLUSSEL,http://zozo.jp/men-shop/schlussel/,http://www.schlussel.net/
SCHOTT,http://zozo.jp/men-shop/schott/,""
SENSE OF PLACE by URBAN RESEARCH,http://zozo.jp/men-shop/senseofplace/,http://senseofplace.jp/
SEVENDAYS=SUNDAY,http://zozo.jp/men-shop/sevendayssunday/,""
SFW,http://zozo.jp/men-shop/sfw/,http://www.mens-sanei.co.jp/
SHARE PARK,http://zozo.jp/men-shop/sharepark/,""
SHAREEF,http://zozo.jp/men-shop/shareef/,""
SHELLAC,http://zozo.jp/men-shop/shellac/,http://shellac.jp/
SHEL'TTER,http://zozo.jp/men-shop/sheltter/,""
SHICATA,http://zozo.jp/men-shop/shicata/,""
SHIFFON,http://zozo.jp/men-shop/shiffon/,http://www.shiffon.com/
SHIPS,http://zozo.jp/men-shop/ships/,http://www.shipsltd.co.jp/#/top
SHIPS JET BLUE,http://zozo.jp/men-shop/shipsjetblue/,http://www.shipsltd.co.jp/#/top
SILAS&MARIA,http://zozo.jp/men-shop/silasandmaria/,http://www.silasandmaria.com/silas4/contents/
SILVER BULLET,http://zozo.jp/men-shop/silverbullet/,http://pbi.ne.jp/index.html
SISLEY,http://zozo.jp/men-shop/sisley/,""
SKAGEN,http://zozo.jp/men-shop/skagen/,""
SMIR NASLI/MAKAVELIC,http://zozo.jp/men-shop/smirnasli/,""
SNOOPY,http://zozo.jp/men-shop/snoopy/,""
Snow Peak,http://zozo.jp/men-shop/snowpeak/,http://www.snowpeak.co.jp/
SOPH.,http://zozo.jp/men-shop/soph/,""
S-Rush,http://zozo.jp/men-shop/s-rush/,""
ST&DARD MADE.,http://zozo.jp/men-shop/standardmade/,http://standard-made.jp/
STANDARD SUPPLY,http://zozo.jp/men-shop/standardsupply/,http://www.egw-inc.com/
STORE by NIGO,http://zozo.jp/men-shop/storebynigo/,""
STUDIOUS,http://zozo.jp/men-shop/studious/,""
STUDIOUS SELECT,http://zozo.jp/men-shop/studiouslab/,""
STUSSY,http://zozo.jp/men-shop/stussy/,http://www.stussy.jp/
Styles,http://zozo.jp/men-shop/styles/,http://www.styles-tokyo.jp/
Subciety,http://zozo.jp/men-shop/subciety/,""
SUBURB,http://zozo.jp/men-shop/suburb/,""
SUNNY ROOM,http://zozo.jp/men-shop/sunnyroom/,""
SVEC,http://zozo.jp/men-shop/svec/,http://www.sansuiya.com/
SWAGGER by SWG STORE,http://zozo.jp/men-shop/swagger/,http://www.swagger-co.com/
Tabio,http://zozo.jp/men-shop/tabio/,""
TAKA-Q,http://zozo.jp/men-shop/taka-q/,http://www.taka-q.com/index.php
TAKEO KIKUCHI,http://zozo.jp/men-shop/takeokikuchi/,""
TAKE-UP,http://zozo.jp/men-shop/takeup/,https://www.take-up.co.jp/
TATRAS & STRADA EST,http://zozo.jp/men-shop/tatrasandstradaest/,http://stradaest.com/
Ted Baker,http://zozo.jp/men-shop/tedbaker/,http://www.tedbaker.jp/
TETE HOMME,http://zozo.jp/men-shop/tetehomme/,http://tetehomme.com/
THE CASE,http://zozo.jp/men-shop/thecase/,""
THE CASUAL,http://zozo.jp/men-shop/casual/,""
The DUFFER of St.GEORGE,http://zozo.jp/men-shop/duffer/,""
THE FRIDAY,http://zozo.jp/men-shop/thefriday/,""
THE KISS,http://zozo.jp/men-shop/thekiss/,https://www.thekiss.co.jp/
THE MORNING AFTER,http://zozo.jp/men-shop/themorningafter/,""
THE NORTH FACE / HELLY HANSEN,http://zozo.jp/men-shop/thenorthface-hellyhansen/,""
THE SHOP TK,http://zozo.jp/men-shop/theshoptk/,""
three dots,http://zozo.jp/men-shop/threedots/,http://www.threedots.jp/
TIDEWAY,http://zozo.jp/men-shop/tideway/,""
Timberland,http://zozo.jp/men-shop/timberland/,""
tk.TAKEO KIKUCHI,http://zozo.jp/men-shop/tk/,""
TMT,http://zozo.jp/men-shop/tmt/,http://tmt-japan.co.jp/
TOMMY HILFIGER,http://zozo.jp/men-shop/tommyhilfiger/,""
Tomorrow Maker,http://zozo.jp/men-shop/tomorrowmaker/,""
TOMS,http://zozo.jp/men-shop/toms/,""
TONE,http://zozo.jp/men-shop/tone/,""
TORNADO MART,http://zozo.jp/men-shop/tornadomart/,http://www.spic-int.jp/brand/1
Traditional Weatherwear,http://zozo.jp/men-shop/traditionalweatherwear/,http://www.tww-uk.com/store/area/flagship/
TRANS CONTINENTS,http://zozo.jp/men-shop/trans_continents/,""
TRAVEL SHOP MILESTO,http://zozo.jp/men-shop/travelshopgate/,""
TROVE,http://zozo.jp/men-shop/trove/,http://trove.co.jp/
TRYSIL,http://zozo.jp/men-shop/trysil/,http://www.trysil.co.jp
TSUMORI CHISATO,http://zozo.jp/men-shop/tsumorichisato/,http://www.tsumorichisato.cc/
TUMI,http://zozo.jp/men-shop/tumi/,""
UNBILLION,http://zozo.jp/men-shop/unbillion/,http://www.unbillion.com/
UNCUT BOUND,http://zozo.jp/men-shop/rinajour/,""
UNDEFEATED,http://zozo.jp/men-shop/undefeated/,http://www.undftd.jp/weblog.php
UNDERCOVER,http://zozo.jp/men-shop/undercover/,""
une nana cool,http://zozo.jp/men-shop/unenanacool/,http://www.une-nana-cool.com/
union store tokyo,http://zozo.jp/men-shop/unionstoretokyo/,""
UNITED ARROWS,http://zozo.jp/men-shop/unitedarrows/,http://www.united-arrows.jp/
UNITED ARROWS & SONS,http://zozo.jp/men-shop/unitedarrowsandsons/,http://www.unitedarrowsandsons.jp/
UNITED TOKYO 'ALL MADE IN JAPAN',http://zozo.jp/men-shop/unitedtokyo/,""
UP START,http://zozo.jp/men-shop/upstart/,http://www.up-start.co.jp/
URBAN RESEARCH,http://zozo.jp/men-shop/urbanresearch/,""
URBAN RESEARCH DOORS,http://zozo.jp/men-shop/urbanresearchdoors/,http://www.urdoors.com/
vanitybeauty,http://zozo.jp/men-shop/vanitybeauty/,http://www.misuzu-shoji.co.jp/
VANQUISH,http://zozo.jp/men-shop/vanquish/,""
VENCE share style,http://zozo.jp/men-shop/venceexchange/,http://www.cox-online.co.jp/brand/vence-exchange/sharestyle/
VENDOME SELECT,http://zozo.jp/men-shop/vendomeselect/,""
Vera Bradley,http://zozo.jp/men-shop/verabradley/,""
VIA BUS STOP,http://zozo.jp/men-shop/viabusstop/,http://www.viabusstop.com/
VIBGYOR,http://zozo.jp/men-shop/vibgyor/,""
Vivienne Westwood MAN,http://zozo.jp/men-shop/viviennewestwoodman/,""
VIZ STORE,http://zozo.jp/men-shop/vizstore/,http://viz-store.jp/
VOLCOM by H.L.N.A,http://zozo.jp/men-shop/volcombyhlna/,""
WEGO,http://zozo.jp/men-shop/wego/,http://www.wego.jp/
WHO'S WHO gallery,http://zozo.jp/men-shop/whoswhogallery/,http://whoswho-g.jp/
WISM,http://zozo.jp/men-shop/wism/,""
wjk,http://zozo.jp/men-shop/wjk/,""
WORLD ONLINE STORE SELECT,http://zozo.jp/men-shop/worldonlinestoreselect/,""
WORLD WIDE LOVE!/Rydia,http://zozo.jp/men-shop/worldwideloverydia/,http://www.wwl.co.jp/
X-girl,http://zozo.jp/men-shop/x-girl/,http://www.x-girl.jp/
XLARGE,http://zozo.jp/men-shop/xlarge/,http://www.xlarge.jp/
XX FOUR,http://zozo.jp/men-shop/xxfour/,""
Y-3,http://zozo.jp/men-shop/y3/,""
YOSUKE,http://zozo.jp/men-shop/yosuke/,http://idocorporation.com/
ZADIG&VOLTAIRE,http://zozo.jp/men-shop/zadigandvoltaire/,""
ZIP FIVE,http://zozo.jp/men-shop/zipfive/,""
ZOZOEPROZE,http://zozo.jp/men-shop/zozoeproze/,""
ZOZOGRANDH,http://zozo.jp/men-shop/zozograndh/,""
ZOZOkilke,http://zozo.jp/men-shop/kilke/,""
ZOZOMESSE,http://zozo.jp/men-shop/zozomesse/,""
ZOZOOUTDOOR,http://zozo.jp/men-shop/zozooutdoor/,""
ZOZOSPOT,http://zozo.jp/men-shop/zozospot/,""
ZOZOUSED,http://zozo.jp/men-shop/zozoused/,""
ZOZOVIANT,http://zozo.jp/men-shop/zozoviant/,""
1 piu 1 uguale 3,http://zozo.jp/men-shop/1piu1uguale3/,""
1 to 10 people,http://zozo.jp/men-shop/1to10people/,""
1197STORE,http://zozo.jp/men-shop/1197store/,""
24karats,http://zozo.jp/men-shop/24karats/,""
24SURF_,http://zozo.jp/men-shop/24surf/,http://www.24surf.jp/
45R,http://zozo.jp/men-shop/45r/,http://www.45rpm.jp/jp/index.html
4,http://zozo.jp/men-shop/4c/,""
5351POUR LES HOMMES ET LES FEMMES,http://zozo.jp/men-shop/5351/,""
W(eight),http://zozo.jp/men-shop/8-eight/,""
``JJ,http://zozo.jp/men-shop/titicaca/,http://www.titicaca.jp/titicaca/
`Cnl,http://zozo.jp/men-shop/cayhane/,""
gcJo,http://zozo.jp/men-shop/yoshidakaban/,""
DúR,http://zozo.jp/men-shop/kojitusanso/,http://www.kojitusanso.jp/
Xq®ONSPOTZ,http://zozo.jp/men-shop/bousiyaonspotz/,""
DESIGNERS BRAND ZONE,http://zozo.jp/designersbrandzone/,""
ONWARD CROSSET,http://zozo.jp/onwardcrosset/,""
WORLD ONLINE STORE,http://zozo.jp/worldonlinestore/,""
